Datetime,Water Level (m)
2025-05-02 18:00:00,-0.34769183
2025-05-02 19:00:00,0.056842357
2025-05-02 20:00:00,0.33746913
2025-05-02 21:00:00,0.48568484
2025-05-02 22:00:00,0.4593731
2025-05-02 23:00:00,0.27066088
2025-05-03 00:00:00,-0.013001317
2025-05-03 01:00:00,-0.28336662
2025-05-03 02:00:00,-0.4659773
2025-05-03 03:00:00,-0.6034037
2025-05-03 04:00:00,-0.6832833
2025-05-03 05:00:00,-0.6735002
2025-05-03 06:00:00,-0.31852016
2025-05-03 07:00:00,0.15817533
2025-05-03 08:00:00,0.47360727
2025-05-03 09:00:00,0.7072611
2025-05-03 10:00:00,0.76981527
2025-05-03 11:00:00,0.6825086
2025-05-03 12:00:00,0.474756
2025-05-03 13:00:00,0.18329184
2025-05-03 14:00:00,-0.047585703
2025-05-03 15:00:00,-0.21358988
2025-05-03 16:00:00,-0.3331821
2025-05-03 17:00:00,-0.42611867
2025-05-03 18:00:00,-0.4482836
2025-05-03 19:00:00,-0.31770006
2025-05-03 20:00:00,-0.0048370315
2025-05-03 21:00:00,0.20240378
2025-05-03 22:00:00,0.31552246
2025-05-03 23:00:00,0.31863177
2025-05-04 00:00:00,0.20060714
2025-05-04 01:00:00,0.0022509785
2025-05-04 02:00:00,-0.21994922
2025-05-04 03:00:00,-0.3722185
2025-05-04 04:00:00,-0.47019467
2025-05-04 05:00:00,-0.518661
2025-05-04 06:00:00,-0.46814096
2025-05-04 07:00:00,-0.18305609
2025-05-04 08:00:00,0.18125784
2025-05-04 09:00:00,0.43692923
2025-05-04 10:00:00,0.60441846
2025-05-04 11:00:00,0.63367206
2025-05-04 12:00:00,0.5600426
2025-05-04 13:00:00,0.4134362
2025-05-04 14:00:00,0.1928718
2025-05-04 15:00:00,-0.0137025025
2025-05-04 16:00:00,-0.17099342
2025-05-04 17:00:00,-0.2770883
2025-05-04 18:00:00,-0.36078048
2025-05-04 19:00:00,-0.39425364
2025-05-04 20:00:00,-0.32724878
2025-05-04 21:00:00,-0.09965202
2025-05-04 22:00:00,0.11190655
2025-05-04 23:00:00,0.22708043
2025-05-05 00:00:00,0.26001975
2025-05-05 01:00:00,0.20325245
2025-05-05 02:00:00,0.07643229
2025-05-05 03:00:00,-0.10664399
2025-05-05 04:00:00,-0.2579308
2025-05-05 05:00:00,-0.35331962
2025-05-05 06:00:00,-0.37863877
2025-05-05 07:00:00,-0.30891362
2025-05-05 08:00:00,-0.14608744
2025-05-05 09:00:00,0.11936688
2025-05-05 10:00:00,0.33491284
2025-05-05 11:00:00,0.48456174
2025-05-05 12:00:00,0.54907686
2025-05-05 13:00:00,0.53203076
2025-05-05 14:00:00,0.44933474
2025-05-05 15:00:00,0.27413988
2025-05-05 16:00:00,0.02996685
2025-05-05 17:00:00,-0.18770556
2025-05-05 18:00:00,-0.34602085
2025-05-05 19:00:00,-0.44278067
2025-05-05 20:00:00,-0.47766063
2025-05-05 21:00:00,-0.39633268
2025-05-05 22:00:00,-0.1912967
2025-05-05 23:00:00,0.064489834
2025-05-06 00:00:00,0.19977225
2025-05-06 01:00:00,0.27816567
2025-05-06 02:00:00,0.28166184
2025-05-06 03:00:00,0.20739418
2025-05-06 04:00:00,0.06142793
2025-05-06 05:00:00,-0.14462808
2025-05-06 06:00:00,-0.2949137
2025-05-06 07:00:00,-0.368552
2025-05-06 08:00:00,-0.3668151
2025-05-06 09:00:00,-0.2762904
2025-05-06 10:00:00,-0.0065940265
2025-05-06 11:00:00,0.27674907
2025-05-06 12:00:00,0.4571334
2025-05-06 13:00:00,0.5467678
2025-05-06 14:00:00,0.5369587
2025-05-06 15:00:00,0.46338406
2025-05-06 16:00:00,0.3064344
2025-05-06 17:00:00,0.058041867
2025-05-06 18:00:00,-0.17438388
2025-05-06 19:00:00,-0.35258943
2025-05-06 20:00:00,-0.4637587
2025-05-06 21:00:00,-0.5075206
2025-05-06 22:00:00,-0.42519554
2025-05-06 23:00:00,-0.13296428
2025-05-07 00:00:00,0.15855816
2025-05-07 01:00:00,0.33327013
2025-05-07 02:00:00,0.4215158
2025-05-07 03:00:00,0.4378711
2025-05-07 04:00:00,0.36673513
2025-05-07 05:00:00,0.19044997
2025-05-07 06:00:00,-0.043112393
2025-05-07 07:00:00,-0.21899869
2025-05-07 08:00:00,-0.31969997
2025-05-07 09:00:00,-0.35924706
2025-05-07 10:00:00,-0.3156938
2025-05-07 11:00:00,-0.064103805
2025-05-07 12:00:00,0.2654076
2025-05-07 13:00:00,0.48224235
2025-05-07 14:00:00,0.6116221
2025-05-07 15:00:00,0.6231451
2025-05-07 16:00:00,0.54892856
2025-05-07 17:00:00,0.36948583
2025-05-07 18:00:00,0.09001555
2025-05-07 19:00:00,-0.16497713
2025-05-07 20:00:00,-0.3532838
2025-05-07 21:00:00,-0.46354723
2025-05-07 22:00:00,-0.52679926
2025-05-07 23:00:00,-0.45117006
2025-05-08 00:00:00,-0.07334467
2025-05-08 01:00:00,0.2485683
2025-05-08 02:00:00,0.45415476
2025-05-08 03:00:00,0.5787353
2025-05-08 04:00:00,0.59043264
2025-05-08 05:00:00,0.49194598
2025-05-08 06:00:00,0.27971557
2025-05-08 07:00:00,0.013319109
2025-05-08 08:00:00,-0.1917411
2025-05-08 09:00:00,-0.3292629
2025-05-08 10:00:00,-0.40727562
2025-05-08 11:00:00,-0.39550436
2025-05-08 12:00:00,-0.099587716
2025-05-08 13:00:00,0.29239115
2025-05-08 14:00:00,0.5260819
2025-05-08 15:00:00,0.67460644
2025-05-08 16:00:00,0.6834517
2025-05-08 17:00:00,0.5373178
2025-05-08 18:00:00,0.25383997
